,Home Team Name,Home Team Goals,Away Team Goals,Away Team Name,Goal_dif,Result,overall,age,height_cm,weight_kg,skill_moves,pace,shooting,passing,dribbling,defending,physic,attacking_crossing,attacking_finishing,attacking_heading_accuracy,attacking_short_passing,attacking_volleys,skill_dribbling,skill_curve,skill_fk_accuracy,skill_long_passing,skill_ball_control,movement_acceleration,movement_sprint_speed,movement_agility,movement_reactions,movement_balance,power_shot_power,power_jumping,power_stamina,power_strength,power_long_shots,mentality_aggression,mentality_interceptions,mentality_positioning,mentality_vision,mentality_penalties,mentality_composure,defending_marking_awareness,defending_standing_tackle,defending_sliding_tackle,goalkeeping_diving,goalkeeping_handling,goalkeeping_kicking,goalkeeping_positioning,goalkeeping_reflexes,goalkeeping_speed,rank_diff
0,Argentina,3,3,France,0,0,-1.3365384599999999,0.8589743600000013,-6.733974399999994,-5.378205129999998,0.153846154,-2.3788819899999964,3.3830227699999966,1.424430639999997,0.1635610799999938,0.5942028999999991,-2.4927536299999957,4.42307692,2.397435899999998,-5.310897439999991,-2.381410250000002,3.349358979999998,-1.3653846200000004,6.852564100000002,4.89423077,-1.599358979999991,-0.6602564100000023,0.01282051999999112,-4.932692309999993,2.762820519999991,-3.262820519999991,7.205128209999998,1.480769230000007,-4.467948710000002,1.1858974399999909,-4.804487179999995,5.910256410000002,5.04807692,-0.9487179500000025,0.7019230800000003,1.2980769199999997,0.3429487100000017,-1.0160256399999952,0.7083333300000021,0.75,2.0320512899999983,-0.5096153799999996,0.9423076899999998,1.0448717899999984,1.9134615400000001,0.6923076899999998,-3.333333330000002,2
1,Qatar,0,2,Ecuador,-2,0,4.938515870000003,2.0709148599999985,4.2449570999999935,3.3347117200000014,-0.0055679900000003,-0.5561682400000052,9.05457698,8.25555396,5.997465030000001,5.478632500000003,2.968036550000008,3.463512189999996,3.7277343499999986,-3.196067999999997,1.2353475099999969,3.4375498899999997,0.6777363699999981,5.316651959999994,4.526712329999995,5.339744199999998,2.265098619999989,-3.971980009999996,-3.1199933500000014,-0.8381551100000024,7.3486366799999985,-2.0502510699999874,8.262862060000003,4.9287396,-0.9174593199999919,1.2287414099999978,7.362345050000002,1.84722498,2.8030992500000025,2.1805204400000022,9.004800020000005,-1.1904163100000034,5.201357369999997,0.6737856999999963,0.7339761799999991,0.3225773200000006,7.297449878999998,7.510227090999999,5.554771160000001,7.278013829999999,7.888324464,-7.598214290000001,2
2,Senegal,0,2,Netherlands,-2,0,-4.586080589999995,-0.1080586100000005,1.4633699999999976,-0.24725275000000124,-0.2930402929999998,-0.5797101499999968,-11.422705309999998,-9.88164252,-7.4082125599999955,-2.024154590000002,-2.1159420299999994,-11.717948710000002,-12.029304029999999,-5.285714290000001,-7.388278389999996,-15.351648349999998,-8.097069590000004,-11.666666669999998,-12.41575091,-7.730769230000007,-8.37728938,-2.699633700000007,-2.8937728999999877,-5.419413919999997,-5.9377289399999995,-6.893772899999995,-7.88461538,-4.42307692,-3.6300366300000064,-2.371794870000002,-13.943223439999997,-4.230769230000007,-2.109890110000002,-7.53846154,-10.051282049999998,-11.02380952,-10.79670329000001,-2.3681318599999983,-5.203296710000004,-1.3479853500000019,2.893772900000002,2.8406593399999984,1.68498168,1.0695970700000004,2.4377289399999995,-10.666666669999998,10
3,Qatar,1,3,Senegal,-2,0,0.9335033400000015,0.4643985700000002,-2.30140879999999,-0.06378451999999868,0.2024520599999997,-0.6263436800000051,4.8937582599999985,5.100583200000003,2.959453339999996,-2.094466919999995,-2.8565248599999933,7.954740260000001,6.785378459999997,0.9843831300000048,3.275447760000006,8.971384479999998,4.635129849999998,8.035950209999996,10.341248669999999,3.3397441999999984,4.132266539999996,1.7924310200000093,1.0855204399999963,4.5954288499999905,1.0353534799999977,4.892104820000007,2.0523357400000037,-0.3344182900000021,0.8745206300000063,-2.5958200000000033,7.056580629999999,0.5314355100000014,0.32189624000000094,4.022625699999999,5.303045640000001,7.122866889999997,3.660003979999999,-0.9277180600000037,1.3279611500000001,-0.9205304500000011,-3.802800750000003,-2.5348856899999994,-2.207133599999999,-2.4312593500000013,-3.3773397000000003,3.4017857099999986,28
4,Netherlands,1,1,Ecuador,0,0,8.591093119999996,1.7145748999999988,5.082995899999986,3.6457489900000013,0.08502024299999977,0.6498855899999967,15.58352403,13.036613279999997,10.44622425,9.59725401,7.9405034400000005,7.226720639999996,8.97165992,1.1052631599999998,5.3481781399999875,9.81781376,4.1396761100000035,8.947368419999997,6.601214569999996,9.730769230000007,6.5101214599999935,-3.0647773299999983,-1.31174089000001,-0.01417003999999622,12.25101214,-0.04858298999999988,14.0951417,9.686234810000002,1.8380566800000082,6.196356280000003,14.24898786,5.546558700000006,4.591093120000004,5.696356280000003,13.753036430000002,2.7105263199999996,12.338056680000008,3.9696356199999983,4.6093117400000025,2.5910931200000036,8.206477729,7.204453441,6.07692308,8.63967611,8.827935224,-0.3333333300000021,-36
5,Netherlands,2,0,Qatar,2,1,3.652577249999993,-0.3563399599999997,0.8380387999999925,0.3110372699999999,0.09058823300000007,1.2060538300000019,6.528947049999999,4.781059319999997,4.4487592199999995,4.118621509999997,4.972466889999993,3.7632084500000005,5.243925570000002,4.301331159999997,4.112830629999991,6.38026387,3.4619397400000054,3.630716460000002,2.074502240000001,4.391025030000009,4.245022840000004,0.9072026799999975,1.8082524599999914,0.8239850700000062,4.902375460000002,2.0016680799999875,5.832279639999996,4.757495210000002,2.755516,4.967614870000006,6.886642809999998,3.6993337200000056,1.787993870000001,3.515835840000001,4.748236409999997,3.900942630000003,7.136699310000012,3.295849920000002,3.8753355600000035,2.268515800000003,0.9090278500000011,-0.305773649999999,0.5221519199999989,1.361662280000001,0.9396107600000008,7.264880959999999,-38
6,Ecuador,1,2,Senegal,-1,0,-4.005012530000002,-1.6065162899999983,-6.546365899999984,-3.39849624,0.20802005,-0.07017543999999987,-4.160818720000002,-3.1549707599999977,-3.0380116900000047,-7.573099419999998,-5.824561410000001,4.491228070000005,3.0576441099999982,4.180451130000002,2.040100250000009,5.533834589999998,3.9573934800000004,2.7192982500000014,5.814536340000004,-2.0,1.867167920000007,5.764411030000005,4.205513789999998,5.433583959999993,-6.313283200000001,6.942355889999995,-6.21052632,-5.263157890000002,1.7919799499999982,-3.824561410000001,-0.3057644200000027,-1.3157894699999986,-2.4812030100000015,1.8421052599999967,-3.701754380000004,8.3132832,-1.5413533899999976,-1.60150376,0.5939849700000011,-1.2431077700000017,-11.100250629000001,-10.045112780999998,-7.76190476,-9.70927318,-11.265664164,11.0,26
7,England,6,2,IR Iran,4,1,11.237179480000009,-1.8846153799999996,-1.2692308000000025,-2.185897439999991,0.09615384599999999,3.560869569999994,7.260869569999997,14.591304350000001,9.099999999999994,12.791304349999997,6.743478260000003,15.782051289999998,8.717948710000002,5.05769231,16.21794871,7.621794870000002,11.75,13.660256410000002,13.57692308,16.98717948000001,13.96153846,5.185897439999991,7.3012820499999975,4.647435900000005,13.32692308,5.3012820499999975,9.31410256000001,0.9166666699999979,13.18589743999999,3.0897435899999977,11.51923077,14.557692309999993,14.775641020000002,11.07692308,17.07692308,10.28846154,14.92307692,15.121794870000002,14.391025640000002,12.217948710000002,-2.4230769199999997,-1.6794871799999989,-0.8525640999999986,-3.98076923,-1.8589743600000013,13.666666669999998,-17
8,USA,1,1,Wales,0,0,2.0557142899999974,-1.42714286,-0.1257142999999985,2.774285710000001,0.24714285700000005,7.05090908999999,3.3472727300000003,1.8236363600000018,4.319999999999993,-0.36909091000000416,5.019999999999996,0.13714286000000442,3.121428569999999,2.722857139999995,1.78714286000001,3.6742857099999995,4.652857139999995,1.3599999999999994,-3.6914285699999994,0.6128571399999956,2.1157142899999997,5.145714290000001,6.49428571,5.93285714000001,2.0285714299999995,0.641428569999988,2.0257142900000034,9.599999999999994,5.288571430000005,5.0428571400000095,3.0528571399999933,2.875714290000005,0.1785714299999981,7.145714290000001,4.141428570000002,-2.361428570000001,1.3028571400000004,-0.6128571399999956,-3.0828571399999944,-2.1000000000000014,1.8371428600000002,0.015714290000001796,0.7428571400000017,1.312857140000002,1.2142857099999986,1.0,-8
9,Wales,0,2,IR Iran,-2,0,-0.4523809599999993,-1.8928571400000003,-1.714285700000005,-3.6309523799999965,-0.3571428569999999,1.3400000000000034,-6.119999999999997,0.240000000000002,-2.219999999999999,2.3599999999999994,-1.8199999999999932,3.3095238099999946,-1.9880952399999998,-1.8928571399999967,4.226190469999999,-2.6309523799999965,0.3571428600000033,1.083333330000002,0.5714285700000019,2.9404761900000054,1.4642857099999986,3.6309523799999965,4.202380959999999,2.523809529999994,0.3214285699999948,5.095238100000003,-4.702380959999999,-6.083333330000002,1.9880952399999927,-2.976190470000006,-2.6428571399999967,1.7142857099999986,3.904761900000004,-2.7857142900000014,1.178571429999998,2.071428570000002,2.357142859999996,4.976190469999999,5.726190469999999,6.333333330000002,-3.8571428599999997,-3.36904762,-2.726190469999999,-5.14285714,-3.38095238,6.666666669999998,-2
10,England,0,0,USA,0,0,9.63384615000001,1.4353846200000007,0.5707692000000009,-1.3292307699999952,0.20615384599999986,-4.83003952,10.033596839999994,12.527667989999998,7.0,10.800395260000002,3.5434782600000005,12.33538462,7.5846153800000025,4.227692310000002,10.204615379999993,6.578461539999999,6.740000000000002,11.21692308,16.696923079999998,13.433846150000008,10.381538460000002,-3.5907692300000065,-3.3953846200000015,-3.809230769999999,10.976923080000006,-0.43538461999999356,11.990769230000005,-2.5999999999999943,5.9092307699999935,1.023076919999994,11.109230770000003,9.96769230999999,10.69230769,6.716923080000001,11.75692308,10.57846154,11.263076920000003,10.758461539999999,11.747692309999998,7.984615380000001,-0.40307692000000017,1.6738461499999993,1.1307692299999985,-0.15076923000000164,0.3076923100000002,6.0,-7
11,Wales,0,3,England,-3,0,-11.689560440000008,-0.008241760000000653,-0.44505490000000236,-1.4450549400000057,-0.4532967029999999,-2.2208695699999907,-13.380869569999994,-14.35130435,-11.319999999999993,-10.431304349999998,-8.563478259999997,-12.472527480000004,-10.706043950000002,-6.950549449999997,-11.991758240000003,-10.252747249999999,-11.392857139999997,-12.57692308,-13.005494509999998,-14.046703290000004,-12.497252750000001,-1.5549450599999943,-3.0989010899999982,-2.123626370000011,-13.005494510000005,-0.20604394999999442,-14.016483520000008,-7.0,-11.197802199999998,-6.065934060000004,-14.162087909999997,-12.843406599999994,-10.870879119999998,-13.862637370000002,-15.898351650000002,-8.217032969999998,-12.565934060000004,-10.145604400000003,-8.664835170000003,-5.88461538,-1.43406594,-1.689560440000001,-1.8736263700000002,-1.1620879100000003,-1.5219780199999988,-7.0,15
12,IR Iran,0,1,USA,-1,0,-1.6033333299999981,3.3200000000000003,1.8400000000000034,0.8566666699999956,0.10999999999999988,-8.390909089999994,2.772727269999997,-2.063636360000004,-2.0999999999999943,-1.9909090899999953,-3.200000000000003,-3.446666669999999,-1.1333333299999993,-0.8299999999999983,-6.013333330000009,-1.043333330000003,-5.009999999999998,-2.4433333300000015,3.1199999999999974,-3.553333330000001,-3.5799999999999983,-8.776666669999997,-10.696666669999999,-8.456666670000004,-2.3499999999999943,-5.736666669999991,2.676666669999996,-3.5166666699999922,-7.276666669999997,-2.0666666700000036,-0.4099999999999966,-4.590000000000003,-4.083333330000002,-4.359999999999999,-5.32,0.28999999999999915,-3.6599999999999966,-4.363333330000003,-2.6433333300000044,-4.233333330000001,2.0199999999999996,3.353333329999998,1.9833333299999971,3.8299999999999983,2.1666666700000015,-7.666666669999998,10
13,Argentina,1,2,Saudi Arabia,-1,0,13.013888890000004,0.22222222999999985,-0.763888900000012,3.472222220000006,0.5,4.342857140000007,12.704761899999994,11.914285709999994,11.714285709999999,9.73333333,4.666666660000004,11.277777780000001,12.111111109999996,9.40277777,12.986111109999996,14.819444449999999,12.361111110000003,15.472222219999999,13.180555560000002,12.041666660000004,13.861111109999996,9.888888889999997,4.319444439999998,7.583333339999996,16.02777777,9.277777780000001,13.75,5.083333339999996,8.638888890000004,5.819444449999992,15.555555550000001,10.291666669999998,9.833333339999996,10.513888889999997,12.819444439999998,9.847222219999999,17.680555559999995,8.763888890000004,11.027777780000001,10.527777780000001,-1.625,-1.472222219999999,-0.47222222999999985,-0.5694444400000016,0.4444444400000016,13.333333339999996,-46
14,Mexico,0,0,Poland,0,0,2.0185185200000006,1.1481481500000008,-4.595959599999986,-2.722222220000006,0.12121212199999976,3.3508771999999993,2.050438589999999,4.383771929999995,2.519736839999993,3.800438589999999,3.076754379999997,4.496632990000002,3.521885519999998,2.939393939999995,5.052188550000004,-0.09595960000000048,3.5538720499999954,3.308080799999999,4.466329969999997,6.513468009999997,2.9074074100000047,4.281144780000005,4.776094279999995,5.260942760000006,1.627946129999998,4.737373740000002,2.3787878800000044,2.5185185200000006,7.388888890000004,2.8653198599999996,1.555555560000002,2.1077441099999987,5.432659940000001,2.902356899999994,5.195286189999997,9.641414140000002,1.410774410000002,6.127946129999998,3.9646464700000053,4.755892250000002,-4.006734009999999,-1.4831649800000015,-1.3787878799999973,-3.1851851899999986,-0.9562289499999999,8.333333339999996,-13
15,Poland,2,0,Saudi Arabia,2,1,6.388888890000004,0.055555559999998394,5.095959599999986,6.888888890000004,0.045454545000000124,0.5157894700000014,3.9578947400000004,1.691228070000001,3.438596490000009,2.557894740000002,-0.03508771999999283,1.0959596000000005,4.1262626199999985,4.171717170000001,3.7626262599999976,6.0959596000000005,4.520202020000006,2.525252529999996,3.7373737400000024,2.060606060000005,4.944444439999998,3.4040403999999924,1.8535353500000014,0.7575757599999946,8.353535350000001,-0.07070706999999743,5.454545449999998,1.166666669999998,2.222222220000006,2.5050505099999896,5.222222219999999,-0.5151515100000026,4.030303029999999,3.1161616199999997,0.48989899000000037,1.025252529999996,10.07070706999999,1.9646464700000053,2.8686868699999977,1.9292929300000026,1.136363639999999,-0.3131313099999993,0.48989899000000037,0.055555559999998394,0.3080808000000026,8.0,-24
16,Argentina,2,0,Mexico,2,1,4.606481479999999,-0.9814814799999994,-1.263888900000012,-0.6944444499999918,0.3333333330000001,0.4761904700000059,6.696428569999995,5.839285709999999,5.7559523799999965,3.375,1.625,5.685185189999999,4.4629629699999995,2.291666660000004,4.1712962999999945,8.819444449999999,4.287037040000001,9.638888890000004,4.976851850000003,3.4675925900000024,6.009259259999993,2.203703709999999,-2.3101851899999986,1.5648148199999952,6.046296290000001,4.611111109999996,5.916666669999998,1.3981481499999973,-0.9722222200000061,0.4490740800000026,8.77777777,8.699074070000002,0.3703703699999963,4.495370370000003,7.13425926,-0.8194444499999989,6.199074080000003,0.6712962900000008,4.194444439999998,3.842592599999996,1.2453703699999998,0.32407407000000177,0.4166666599999971,2.5601851899999986,1.0925925899999989,-3.0,-9
17,Poland,0,2,Argentina,-2,0,-6.625,-0.16666667000000146,5.859848499999998,3.416666669999998,-0.4545454549999999,-3.8270676700000053,-8.746867159999994,-10.223057639999993,-8.27568921999999,-7.175438589999999,-4.701754379999997,-10.18181818,-7.984848489999997,-5.231060599999999,-9.223484849999998,-8.723484849999998,-7.840909089999997,-12.946969690000003,-9.44318182,-9.9810606,-8.916666669999998,-6.4848484900000045,-2.4659090899999967,-6.825757580000001,-7.674242419999999,-9.348484849999998,-8.295454550000002,-3.916666669999998,-6.416666669999998,-3.314393940000002,-10.333333330000002,-10.80681818,-5.803030309999997,-7.397727269999997,-12.329545449999998,-8.821969690000003,-7.6098484900000045,-6.799242419999999,-8.159090910000003,-8.598484849999998,2.761363639999999,1.1590909099999998,0.9621212200000002,0.625,-0.136363639999999,-5.333333339999996,22
18,Saudi Arabia,1,2,Mexico,-1,0,-8.407407410000005,-1.2037037099999992,-0.5,-4.166666669999998,-0.16666666699999988,-3.8666666700000007,-6.008333329999999,-6.074999999999996,-5.958333330000002,-6.358333330000001,-3.041666660000004,-5.592592590000002,-7.648148139999996,-7.111111109999996,-8.814814810000001,-6.0,-8.074074070000002,-5.833333329999995,-8.20370371,-8.574074070000002,-7.851851850000003,-7.685185179999998,-6.629629629999997,-6.018518520000001,-9.98148148,-4.666666670000005,-7.833333330000002,-3.6851851899999986,-9.61111111000001,-5.370370369999989,-6.777777780000001,-1.5925925999999961,-9.46296297,-6.0185185199999935,-5.685185179999998,-10.666666669999998,-11.481481479999992,-8.092592600000003,-6.833333340000003,-6.685185180000005,2.87037037,1.7962962900000008,0.8888888899999969,3.12962963,0.6481481499999973,-16.333333339999996,37
19,Denmark,0,0,Tunisia,0,0,6.265734269999996,-0.06293705999999943,3.783216799999991,1.7657342699999958,-0.307692308,3.660079049999993,4.84980238,6.561264820000005,3.5059288599999974,2.810276680000001,5.640316209999995,-3.094405590000001,-0.45804196000000275,2.0244755300000037,2.5909090899999967,-0.9720279699999992,-4.388111890000005,1.465034959999997,4.017482510000001,5.513986009999996,-0.2167832199999964,-1.7902097900000058,1.7657342699999958,-3.7972027999999938,6.783216780000004,-1.0839160900000024,5.37412587,9.25874126,-0.8881118900000047,6.3811188800000025,-4.129370629999997,-2.209790209999994,-5.332167830000003,-2.468531470000002,5.559440559999999,-7.304195810000003,3.1783216799999963,-0.36713286999999895,-3.842657350000003,-5.129370629999997,7.590909091,7.811188812999999,6.87062937,7.811188812999999,8.08741259,1.2648809599999993,-21
20,France,4,1,Australia,3,1,11.981538459999996,-0.8123076900000008,4.0523077,4.46153846,0.4861538460000001,3.1581027699999993,8.249011860000003,10.411067189999997,10.53557312000001,6.83003952,5.0533596899999935,5.916923080000004,7.529230769999998,13.869230769999994,13.24307692,10.452307689999998,11.575384620000001,6.750769230000003,5.190769230000001,12.847692309999992,12.75692308,1.8738461500000057,4.96769230999999,-0.7861538499999909,15.226153849999989,-3.0784615400000064,10.049230769999994,3.3846153799999996,-0.1492307699999884,6.606153849999998,5.223076919999997,2.9369230799999997,5.495384620000003,7.943076920000003,11.25692308,7.1353846200000035,12.92769230999999,7.0,4.759999999999998,4.724615380000003,0.06461537999999933,0.1076923100000009,-0.36153845999999845,-0.5784615399999993,0.4076923100000016,5.666666669999998,-32
21,Tunisia,0,1,Australia,-1,0,0.7927272700000003,-0.21090909000000124,0.269090900000009,2.2727272700000043,0.6400000000000001,-3.5454545399999944,4.1818181800000005,2.5454545399999944,2.6818181800000076,0.4545454499999977,-2.5,9.203636360000004,8.48727273,5.690909089999998,6.229090910000004,9.578181819999998,11.232727270000005,7.247272730000006,7.59636364,4.9490909100000025,8.589090910000003,-0.6436363600000021,-0.5672727299999991,-0.25818182000000434,1.7890909099999988,-1.494545450000004,5.098181820000008,-10.18181818,1.3927272700000088,-2.9672727299999906,10.890909089999994,5.72363636,5.789090910000006,9.065454550000005,5.043636360000001,10.247272730000006,3.210909089999994,5.636363639999999,5.487272730000001,3.93090909,-8.410909091,-7.4727272729999985,-6.309090909999998,-8.312727272999998,-8.218181819999998,-6.9315476200000035,-5
22,France,2,1,Denmark,1,1,4.92307692,-0.5384615400000001,0.0,0.42307691999999975,0.153846154,3.0434782600000005,-0.7826086999999973,1.3043478299999975,4.347826080000004,3.565217390000001,1.913043479999999,-0.1923076899999998,-0.5,6.153846149999993,4.42307692,1.8461538399999995,4.730769240000001,-1.9615384599999999,-6.42307692,2.3846153899999933,4.384615389999993,4.307692300000014,3.769230769999993,3.269230770000007,6.653846159999986,-0.5,-0.42307692000001396,4.307692299999999,-0.6538461499999926,3.1923076999999864,-1.5384615400000001,-0.5769230700000065,5.03846154,1.3461538399999995,0.6538461600000005,4.192307700000001,6.53846154,1.73076923,3.1153846200000004,5.92307692,0.8846153799999996,-0.23076922999999994,-0.9230769199999997,-0.07692308000000025,0.5384615400000001,11.333333330000002,-6
23,Australia,1,0,Denmark,1,1,-7.058461539999996,0.2738461500000007,-4.0523077,-4.03846154,-0.3323076920000001,-0.11462450999999874,-9.03162056,-9.10671936,-6.187747040000005,-3.264822129999999,-3.1403162099999946,-6.1092307700000035,-8.029230769999998,-7.715384620000002,-8.82,-8.606153849999998,-6.8446153800000005,-8.712307690000003,-11.61384615,-10.463076919999999,-8.372307690000007,2.433846150000008,-1.1984615399999967,4.055384619999998,-8.572307690000002,2.5784615400000064,-10.472307690000008,0.9230769199999997,-0.5046153800000042,-3.413846150000012,-6.761538459999997,-3.513846150000006,-0.4569230800000028,-6.596923080000003,-10.60307692,-2.943076920000003,-6.38923076999999,-5.26923077,-1.6446153799999976,1.1984615399999967,0.8200000000000003,-0.33846154000000084,-0.5615384600000013,0.501538459999999,0.13076922999999852,5.666666660000004,26
24,Tunisia,1,0,France,1,1,-11.188811189999996,0.6013985999999996,-3.783216799999991,-2.1888111899999956,0.153846154,-6.703557309999994,-4.067193680000003,-7.865612650000003,-7.853754940000002,-6.375494070000002,-7.5533596899999935,3.2867132800000007,0.9580419600000027,-8.178321679999996,-7.013986009999996,-0.8741258700000003,-0.3426573499999961,0.4965035000000029,2.405594409999999,-7.89860139999999,-4.167832169999997,-2.517482510000008,-5.534965039999989,0.5279720299999866,-13.43706293999999,1.5839160900000024,-4.951048949999986,-13.56643356,1.5419580399999973,-9.573426579999989,5.667832169999997,2.7867132800000007,0.2937062900000029,1.1223776300000026,-6.213286719999999,3.1118881100000024,-9.716783219999996,-1.363636360000001,0.7272727300000028,-0.7937062900000029,-8.475524471,-7.580419582999999,-5.94755245,-7.734265732999999,-8.62587413,-12.598214290000001,27
25,Germany,1,2,Japan,-1,0,8.438333330000006,-0.45333332999999953,5.808333299999987,7.450000000000003,0.35166666699999993,1.803030309999997,2.333333330000002,5.216450209999991,2.2012987000000095,6.207792210000001,9.828157349999998,6.591666669999995,0.056666669999998476,8.75833333,9.755000000000003,3.5566666699999985,3.8916666699999993,3.4750000000000014,-0.32166666999999904,9.38333333,4.9950000000000045,-1.8316666700000042,3.8149999999999977,-6.158333330000005,12.291666669999998,-4.8066666699999985,6.744999999999997,1.561666669999994,-0.9166666699999979,14.85833333,-0.8766666699999988,5.600000000000001,8.436666670000001,0.4549999999999983,6.9416666699999965,-1.0549999999999997,10.638333330000002,6.024999999999999,3.594999999999999,3.708333330000002,3.03166667,2.063333329999999,2.7016666700000016,2.2633333299999983,4.958333340000001,16.0,-14
26,Spain,7,0,Costa Rica,7,1,14.571428569999995,-1.2857142900000014,13.0,10.714285709999999,-0.4285714289999998,-4.5,-0.5,11.833333330000002,5.0,25.5,10.833333330000002,5.285714290000001,3.0,30.0,20.571428570000002,0.28571429000000137,5.428571429999998,12.714285709999999,25.28571429,23.428571429999998,19.28571429,-7.285714290000001,2.428571430000005,-9.428571430000005,18.142857140000004,-7.142857140000004,7.428571429999998,4.428571430000005,7.0,15.714285709999999,3.0,14.857142859999996,30.142857139999997,5.0,6.285714290000001,-2.7142857099999986,22.0,31.71428571,32.71428571,32.28571429,-12.0,-10.14285714,-13.571428569999998,-6.85714286,-17.0,-11.598214290000001,-42
27,Japan,0,1,Costa Rica,-1,0,1.0914285699999908,-2.1657142900000004,1.4000000000000057,-0.4857142900000042,0.011428571000000165,6.363636360000001,10.5,5.378787880000004,7.227272729999996,-5.136363639999999,-6.4710144999999955,2.485714290000004,13.36,-1.7999999999999972,1.6914285699999994,9.64571429,3.8285714299999967,5.114285709999997,4.5657142900000025,1.628571430000001,7.165714289999997,5.754285710000005,5.9885714300000075,6.771428569999998,-1.8571428599999962,2.4971428599999967,3.3085714300000006,-7.091428569999991,7.0,-8.68571429,12.96,-9.742857140000005,-8.377142860000006,9.920000000000002,2.885714290000003,5.965714290000001,1.3200000000000003,-4.68571429,-3.0057142900000002,-4.714285709999999,-5.239999999999998,-3.6228571400000007,-1.7314285699999985,-3.5371428599999994,-6.66666667,-21.0,-23
28,Spain,1,1,Germany,0,0,5.041666669999998,1.3333333299999985,5.7916667000000075,3.75,-0.7916666669999999,-12.666666669999998,-13.333333330000002,1.238095240000007,-4.428571430000005,24.428571429999998,7.47619048,-3.791666669999998,-10.416666669999998,23.041666669999998,9.125,-12.916666669999998,-2.291666669999998,4.125,21.041666669999998,12.416666669999998,7.125,-11.208333330000002,-7.375,-10.041666669999998,7.708333330000002,-4.833333330000002,-2.625,9.958333330000002,0.9166666699999979,9.541666669999998,-9.083333330000002,19.0,30.083333330000002,-5.375,-3.541666669999998,-7.625,10.041666669999998,30.375,32.125,33.29166667,-9.791666670000001,-8.583333329999999,-14.541666670000001,-5.5833333299999985,-15.291666670000001,-6.598214290000001,-5
29,Japan,2,1,Spain,1,1,-13.480000000000004,-0.879999999999999,-11.599999999999994,-11.200000000000003,0.43999999999999995,10.863636360000001,11.0,-6.454545449999998,2.2272727299999957,-30.63636364,-17.304347829999998,-2.799999999999997,10.36,-31.799999999999997,-18.880000000000003,9.36,-1.6000000000000014,-7.600000000000001,-20.72,-21.799999999999997,-12.120000000000005,13.040000000000006,3.5600000000000023,16.200000000000003,-20.0,9.64,-4.119999999999997,-11.519999999999996,0.0,-24.4,9.96,-24.6,-38.52,4.920000000000002,-3.3999999999999986,8.68,-20.68,-36.4,-35.72,-37.0,6.760000000000002,6.52,11.84,3.3200000000000003,10.33333333,-9.401785709999999,19
30,Costa Rica,2,4,Germany,-2,0,-9.529761899999997,2.61904762,-7.2083332999999925,-6.964285709999999,-0.3630952380000001,-8.166666669999998,-12.833333330000002,-10.595238089999995,-9.428571430000005,-1.071428570000002,-3.3571428500000025,-9.07738096,-13.416666669999998,-6.958333330000002,-11.446428570000002,-13.20238096,-7.720238099999996,-8.589285709999999,-4.2440476200000035,-11.01190476,-12.160714290000001,-3.9226190400000007,-9.803571430000005,-0.6130952399999927,-10.434523810000002,2.3095238100000017,-10.053571429999998,5.529761899999997,-6.083333330000002,-6.172619040000001,-12.083333330000002,4.142857140000004,-0.059523809999994626,-10.375,-9.82738096,-4.910714290000001,-11.958333330000002,-1.3392857099999986,-0.5892857099999986,1.0059523799999965,2.2083333299999985,1.5595238100000017,-0.9702381000000031,1.2738095300000012,1.7083333299999985,5.0,37
31,Morocco,0,0,Croatia,0,0,-1.0833333399999958,-1.0583333400000008,-1.3583332999999982,-5.683333329999996,0.05833333300000021,1.4350649299999958,2.642857140000004,-1.603896110000008,-0.27922078000000283,-8.441558440000001,-5.376623379999998,-2.9916666700000007,5.424999999999997,-3.208333330000002,-0.7999999999999972,-0.46666666999999507,1.0166666699999922,0.6166666700000007,-2.4083333399999987,0.4416666700000036,-1.658333330000005,0.9166666699999979,1.9500000000000028,4.5249999999999915,-0.6166666700000007,2.8666666700000007,1.3833333299999993,-2.9833333300000007,-1.6166666700000007,-5.783333339999999,4.158333330000005,-4.008333329999999,-8.10833333,1.9500000000000028,1.3250000000000028,-4.458333330000002,-1.9333333299999964,-9.083333339999996,-6.358333339999994,-6.399999999999999,0.34999999999999964,-0.5999999999999996,0.09999999999999964,-1.3000000000000007,-1.1416666599999985,-6.0,13
32,Belgium,1,0,Canada,1,1,9.55636364,1.5309090900000015,2.7290908999999886,1.0290909100000079,0.41454545499999984,0.11363636000000099,13.195454550000001,11.940909089999998,8.090909089999997,6.02727273,1.1318181799999962,11.436363639999996,9.321818180000001,3.061818180000003,7.898181819999998,13.16727273,5.425454549999998,11.261818179999999,16.16727273,11.523636359999998,7.812727270000003,-0.27818182000000036,0.3890909100000073,1.6472727299999974,10.921818179999988,1.8872727299999994,12.83272727,-1.0236363599999976,-0.16545455000000686,0.7054545499999989,15.356363639999998,1.952727269999997,4.896363639999997,7.003636360000002,8.674545449999997,9.19454545,11.638181819999993,5.052727269999998,2.9909090899999953,4.700000000000003,2.525454550000001,2.7727272700000007,4.607272729999998,3.4527272700000005,3.5727272700000015,7.333333330000002,-39
33,Belgium,0,2,Morocco,-2,0,3.5866666699999996,1.7066666700000006,2.719999999999999,7.053333330000001,0.026666666999999755,-2.207792209999994,1.9025974099999985,3.876623379999998,0.7337662300000005,6.441558440000001,5.467532469999995,2.666666669999998,-2.1599999999999966,2.2133333300000047,0.5466666699999934,0.23999999999999488,-2.719999999999999,-1.1200000000000045,1.3066666699999985,0.7599999999999909,0.2400000000000091,-3.6266666699999917,-1.7199999999999989,-7.813333329999992,4.106666669999996,-4.040000000000006,1.7600000000000051,6.240000000000002,-0.9200000000000017,8.026666669999997,-0.480000000000004,0.813333329999999,4.493333329999999,-0.22666667000000018,0.8533333299999981,4.573333330000004,5.25333332999999,4.946666669999999,2.466666669999995,3.9333333300000035,2.5466666700000005,2.5999999999999996,4.279999999999999,3.813333329999999,3.7333333300000007,11.333333330000002,-27
34,Croatia,4,1,Canada,3,1,7.053030309999997,0.8825757600000017,1.3674241999999879,-0.3409090899999967,0.3295454549999999,0.886363639999999,8.649999999999999,9.668181820000008,7.636363639999999,8.02727273,1.0409090899999995,11.761363639999999,6.0568181800000005,4.0568181800000005,8.151515150000002,13.3939394,7.128787880000004,11.765151510000003,17.2689394,10.321969690000003,9.2310606,2.4318181799999934,0.1590909100000033,4.935606059999998,7.431818179999993,3.060606060000005,9.689393939999995,-4.280303029999999,2.3712121199999956,-1.5378787799999998,11.678030309999997,5.147727269999997,8.511363639999999,5.280303029999999,6.496212119999996,9.079545449999998,8.31818182,9.189393939999995,6.882575759999995,7.166666669999998,-0.37121211999999915,0.7727272700000007,0.22727272999999926,0.9393939400000022,0.9810605999999993,2.0,-25
35,Croatia,0,0,Belgium,0,0,-2.503333330000004,-0.6483333299999998,-1.3616667000000007,-1.3700000000000045,-0.08499999999999996,0.772727279999998,-4.545454550000002,-2.27272726999999,-0.4545454499999977,2.0,-0.0909090899999967,0.32500000000000284,-3.2650000000000006,0.9949999999999974,0.2533333300000038,0.22666667000000018,1.7033333300000066,0.5033333300000038,1.1016666700000002,-1.2016666699999945,1.4183333299999958,2.7099999999999937,-0.23000000000000398,3.2883333300000004,-3.489999999999995,1.1733333300000055,-3.1433333300000044,-3.2566666700000013,2.5366666700000025,-2.2433333299999987,-3.678333330000001,3.1950000000000003,3.615000000000002,-1.7233333300000027,-2.178333330000001,-0.11500000000000199,-3.319999999999993,4.136666669999997,3.8916666699999993,2.466666669999995,-2.89666667,-2.0,-4.379999999999999,-2.5133333299999983,-2.591666670000002,-5.333333330000002,14
36,Canada,1,2,Morocco,-1,0,-5.969696970000001,0.17575757999999908,-0.009090899999989688,6.024242419999993,-0.3878787880000001,-2.321428569999995,-11.292857140000002,-8.06428571,-7.357142859999996,0.4142857100000015,4.3357142899999985,-8.769696969999998,-11.481818179999998,-0.8484848499999984,-7.351515150000004,-12.927272730000006,-8.145454549999997,-12.381818180000003,-14.860606060000002,-10.763636360000007,-7.572727269999994,-3.3484848499999913,-2.109090910000006,-9.46060605999999,-6.815151509999993,-5.927272730000006,-11.072727269999994,7.26363636,-0.7545454499999948,7.321212119999998,-15.836363640000002,-1.139393939999998,-0.40303030999999834,-7.230303030000002,-7.821212119999998,-4.621212119999996,-6.384848490000003,-0.10606059999999928,-0.5242424200000002,-0.7666666699999993,0.0212121199999995,-0.1727272700000011,-0.3272727299999989,0.3606060599999985,0.16060605999999922,4.0,12
37,Switzerland,1,0,Cameroon,1,1,3.196832580000006,0.7918552100000014,3.332579100000004,1.6199095000000057,-0.24660633500000007,-5.664772729999996,7.170454550000002,6.977272729999996,1.8352272700000043,10.471590910000003,0.7102272700000043,0.4253393700000032,2.0022624400000026,-3.613122169999997,3.536199090000011,-2.12669683,-3.0316741999999977,-0.5520362000000034,8.454751129999998,5.8552036199999975,-0.41402714000000174,-8.619909500000006,-6.904977379999991,-5.882352940000004,6.3552036199999975,-3.9230769199999997,5.481900449999998,-5.309954750000003,-3.667420809999996,1.1900452499999972,7.48868779,-0.2104072400000021,8.80769231,-5.024886879999997,6.567873300000002,-2.1742081499999983,3.3552036199999975,5.918552030000001,6.975113120000003,6.7963800899999995,7.41402714,6.48642534,7.58597286,6.5723981899999995,7.624434389999999,15.25,-37
38,Brazil,2,0,Serbia,2,1,-1.697449039999995,-0.005839519999998544,-4.825218299999989,-3.057832140000002,-0.07135746400000009,4.3260372700000005,-5.669733800000003,-3.097829500000003,-2.3659434899999923,0.27061245000000156,-2.0946200899999923,-2.253593070000001,-4.7086691599999995,-1.2179978299999945,-1.5519331899999997,-5.165520280000003,-1.2696320499999985,-3.8390497900000042,-4.962322759999999,-1.7435891300000037,-1.462971550000006,6.2626691100000045,5.20456806,6.631143139999992,-2.60750367,5.469485770000006,-5.155997589999998,3.707248379999996,0.2733301500000067,-3.7208200000000033,-6.723181269999998,0.19810217999999935,1.750467669999999,0.14762569999999897,-3.0719543599999994,-2.609275960000005,-3.191186490000007,1.2746628999999956,1.054151619999999,1.7699457399999972,-1.08851503,-1.4217904499999996,-2.0702288399999986,-2.0860212600000025,-2.317815890000002,7.735119040000001,-21
39,Cameroon,3,3,Serbia,0,0,-4.818627450000008,-0.8848039199999995,-6.627450899999985,-1.9436274500000081,0.07352941200000007,10.056547620000003,-9.244047620000003,-6.892857140000004,-2.6101190499999944,-8.08630952,-0.3422618999999969,-1.992647060000003,-7.659313730000001,-0.03431373000000093,-4.090686270000006,-3.120098040000002,1.647058819999998,-2.502450979999999,-9.188725489999996,-5.55392157,-1.30392157,11.943627450000008,10.225490199999996,10.299019610000002,-8.637254909999996,7.625,-6.26715686,8.159313729999994,2.580882349999996,-0.674019610000002,-10.28676471,-2.39215686,-7.0,3.419117649999997,-7.237745090000004,-2.149509800000004,-7.17892157,-4.848039210000003,-6.122549020000001,-4.91176471,-4.862745089999999,-4.752450979999999,-6.09558824,-6.181372550000001,-5.887254910000001,-11.666666669999998,27
40,Brazil,1,0,Switzerland,1,1,-0.07565416999999286,0.08710918999999961,-1.5303465000000074,-2.7341141899999997,0.1017194589999999,-0.06573762000000727,-3.596140730000002,-3.182245089999995,-1.5910517100000021,-2.1146689400000014,-2.4625854599999997,-0.686285380000001,0.9483821299999988,2.4294380700000033,-0.9974460100000044,0.08127458999999959,0.11498333000000116,-0.7845626100000018,-4.228348400000002,-2.0448711800000012,0.2549771599999957,2.938951160000002,1.884055239999995,2.214476469999994,-0.32545238000000154,1.7675626900000054,-4.370741179999996,0.8578894000000048,1.3598686100000066,-4.2368456399999985,-3.925104349999998,2.8006662800000015,-0.05722464000000116,1.753394929999999,-2.4020825699999975,1.7144419899999974,0.6325314599999956,0.204150079999998,0.2015875199999968,-0.11466964000000246,-3.639797080000001,-3.155764810000001,-3.560613459999999,-2.4770469000000013,-4.05499537,4.151785709999999,-11
41,Serbia,2,3,Switzerland,-1,0,1.6217948700000022,0.09294870999999816,3.2948717999999815,0.3237179500000025,0.173076923,-4.391774890000008,2.073593070000001,-0.08441558999999188,0.7748917799999901,-2.385281390000003,-0.3679653700000074,1.5673076899999998,5.657051289999998,3.647435899999998,0.5544871799999953,5.246794870000002,1.3846153799999996,3.0544871800000024,0.7339743599999977,-0.3012820499999975,1.7179487100000017,-3.3237179500000025,-3.3205128200000047,-4.416666669999998,2.2820512899999983,-3.7019230800000003,0.7852564100000023,-2.849358979999991,1.0865384599999999,-0.5160256399999952,2.7980769199999997,2.602564100000002,-1.8076923100000002,1.60576923,0.669871790000002,4.3237179500000025,3.8237179500000025,-1.0705128199999976,-0.8525641000000022,-1.8846153799999996,-2.551282050000001,-1.7339743600000013,-1.4903846200000004,-0.39102563999999873,-1.7371794799999982,-3.583333330000002,10
42,Cameroon,1,0,Brazil,1,1,-3.121178410000013,-0.878964400000001,-1.8022325999999964,1.114204689999994,0.14488687600000016,5.730510350000003,-3.5743138200000004,-3.7950276400000007,-0.24417556000000218,-8.356921970000002,1.7523581899999954,0.26094600999999784,-2.9506445700000015,1.1836840999999936,-2.5387530800000064,2.0454222400000006,2.9166908699999965,1.3365988100000052,-4.226402729999997,-3.8103324399999963,0.15904998000000603,5.680958340000004,5.020922139999996,3.66787647000001,-6.029751239999996,2.1555142299999943,-1.1111592700000017,4.452065349999998,2.3075521999999893,3.0468003900000014,-3.563583440000002,-2.5902590399999994,-8.750467669999999,3.271491949999998,-4.165790730000005,0.4597661600000009,-3.987735079999993,-6.122702109999999,-7.17670064,-6.681710449999997,-3.774230059999999,-3.3306605299999994,-4.025359400000001,-4.095351289999998,-3.569439019999999,-19.40178571,48
43,Uruguay,0,0,Korea Republic,0,0,5.403726710000001,0.4057971000000009,5.517598399999997,-0.12215319999999963,0.05797101499999968,4.333333330000002,5.305555560000002,3.7611111100000016,6.216666669999995,4.533333330000005,12.101010110000004,1.8488612800000013,3.0703933799999987,0.4182194600000031,12.438923399999993,7.51966874,6.136645959999996,5.399585930000001,2.0496894400000016,5.474120079999999,1.496894409999996,-0.6894410000000022,2.3623188400000004,-3.8530020700000023,6.809523810000002,0.076604549999999,2.2815735000000075,7.130434780000002,3.0538302300000026,12.258799179999997,1.991718419999998,7.708074530000005,5.3747412000000026,-2.434782609999999,6.337474119999996,-0.5093167700000052,13.47826087,7.888198750000001,8.167701860000001,9.15942029,1.4037267100000008,1.2567287799999995,2.6645962700000005,1.6853002100000012,4.561403510000002,36.83333333,-16
44,Portugal,3,2,Ghana,1,1,8.671328669999994,2.583916089999999,0.08741259999999329,0.9790209800000014,0.517482518,-1.9749999999999943,16.64166667,12.674999999999997,9.108333330000008,3.3583333300000007,3.1916666700000036,9.877622369999997,15.804195810000003,4.632867130000001,10.37412587,16.639860140000003,10.534965039999996,17.013986009999996,16.265734270000003,14.2972028,10.136363639999999,1.0279720299999866,-1.426573420000011,5.632867129999994,13.129370629999997,0.2902097900000058,14.590909089999997,-4.611888109999995,8.496503499999989,2.9125874100000004,17.185314680000005,3.5454545500000023,5.898601399999997,15.891608399999996,17.367132870000006,15.136363639999999,17.122377630000003,5.06643356,2.2202797200000006,-0.6783216800000034,-0.51398601,0.4685314700000003,1.3671328700000007,-0.22727272999999926,1.650349649999999,12.5,-44
45,Korea Republic,2,3,Ghana,-1,0,0.602766790000004,2.8063241199999993,-3.747035600000004,3.0810276600000037,-0.027667983999999812,-4.599999999999994,6.100000000000001,3.6499999999999915,-2.3999999999999915,-0.5500000000000043,-8.145454549999997,-2.1324110700000034,5.466403160000006,1.7549407099999996,-7.709486170000005,2.8656126500000028,-4.337944659999998,1.2865612599999992,8.749011860000003,3.1600790500000002,1.3537549400000017,1.9426877499999904,-2.4683794400000068,4.9071146200000015,1.0909090899999967,-5.0592885300000034,5.047430829999996,-10.357707509999997,2.2924901199999965,-7.100790520000004,6.867588929999997,-7.0197628399999985,-2.474308300000004,8.480237160000001,2.1798418999999996,8.788537550000001,-4.932806319999997,-5.492094860000002,-8.057312250000003,-9.235177870000001,1.6482213399999992,2.7411067199999994,3.6146245100000005,3.4683794399999996,1.332535889999999,-14.5,-19
46,Portugal,2,0,Uruguay,2,1,2.6648351699999893,-0.6282051300000013,-1.6831502,-1.9798534800000027,0.48717948700000013,-1.708333330000002,5.236111109999996,5.263888890000004,5.291666660000004,-0.625,-0.763888890000004,10.16117216,7.2673992699999985,2.4597069599999983,5.6446886400000125,6.25457875,8.736263739999998,10.327838819999997,5.467032969999998,5.663003670000002,7.285714290000001,-0.2252747200000016,-1.3205128200000047,4.578754579999995,5.228937729999998,5.27289377000001,7.261904759999993,-1.3846153799999996,3.1501831499999895,-2.2454212499999926,8.32600733000001,2.857142859999996,2.9981684999999985,9.846153849999993,8.84981685000001,6.857142860000003,8.57692308,2.670329670000001,2.109890110000002,-0.6025641000000022,-3.56593406,-3.5293040299999987,-4.91208791,-5.38095238,-4.243589750000002,-9.833333330000002,-9
47,Ghana,0,2,Uruguay,-2,0,-6.006493500000005,-3.21212122,-1.7705627999999933,-2.958874460000004,-0.03030303099999987,0.2666666699999922,-11.405555560000003,-7.411111109999993,-3.8166666700000036,-3.9833333300000007,-3.9555555600000076,0.28354979000000213,-8.536796540000005,-2.1731601700000027,-4.729437229999988,-10.385281390000003,-1.7987012999999976,-6.68614719,-10.798701300000005,-8.634199129999999,-2.8506493499999976,-1.2532467499999882,0.10606060000000639,-1.0541125499999993,-7.900432899999998,4.9826839800000045,-7.329004330000004,3.2272727299999957,-5.346320349999999,-5.158008659999993,-8.859307349999995,-0.6883116900000061,-2.9004328999999984,-6.045454550000002,-8.517316019999996,-8.279220779999996,-8.545454550000002,-2.396103889999999,-0.11038960999999858,0.07575758000000121,-3.05194805,-3.997835499999999,-6.279220780000001,-5.153679650000001,-5.893939400000001,-22.333333330000002,35
48,Korea Republic,2,1,Portugal,1,1,-8.06856187999999,0.22240803000000042,-3.834448199999997,2.1020066800000023,-0.5451505019999998,-2.625,-10.541666669999998,-9.025000000000006,-11.50833333,-3.908333330000005,-11.33712122,-12.01003344,-10.337792649999997,-2.8779264200000014,-18.083612040000006,-13.77424749,-14.872909699999994,-15.727424749999997,-7.51672241,-11.13712375,-8.782608699999997,0.9147157200000038,-1.0418060199999957,-0.7257525099999924,-12.03846154,-5.349498320000009,-9.54347826,-5.745819400000002,-6.204013379999992,-10.013377930000004,-10.317725750000008,-10.56521739,-8.372909700000001,-7.411371239999994,-15.187290970000006,-6.347826089999998,-22.05518395,-10.558528420000002,-10.277591970000003,-8.556856189999998,2.162207349999999,2.272575249999999,2.24749164,3.695652169999999,-0.31781375999999995,-27.0,25
49,Croatia,2,1,Morocco,1,1,1.0833333399999958,1.0583333400000008,1.3583332999999982,5.683333329999996,-0.05833333300000021,-1.4350649299999958,-2.642857140000004,1.603896110000008,0.27922078000000283,8.441558440000001,5.376623379999998,2.9916666700000007,-5.424999999999997,3.208333330000002,0.7999999999999972,0.46666666999999507,-1.0166666699999922,-0.6166666700000007,2.4083333399999987,-0.4416666700000036,1.658333330000005,-0.9166666699999979,-1.9500000000000028,-4.5249999999999915,0.6166666700000007,-2.8666666700000007,-1.3833333299999993,2.9833333300000007,1.6166666700000007,5.783333339999999,-4.158333330000005,4.008333329999999,8.10833333,-1.9500000000000028,-1.3250000000000028,4.458333330000002,1.9333333299999964,9.083333339999996,6.358333339999994,6.399999999999999,-0.34999999999999964,0.5999999999999996,-0.09999999999999964,1.3000000000000007,1.1416666599999985,6.0,-13
50,Croatia,1,1,Brazil,0,0,1.530782379999991,0.08917286000000146,1.4502182999999889,1.09949881,0.1963574640000001,0.929373990000002,2.5506861799999996,2.773154180000006,2.954688079999997,0.4328507600000009,1.280767279999992,5.503593070000001,2.5420024900000016,2.1763311599999966,3.6769331899999997,6.123853619999998,4.8529653800000006,5.214049790000004,5.962322759999999,2.6185891300000037,4.087971550000006,2.1956642199999976,0.2120986099999982,1.9938568600000082,1.190837000000002,-1.5111524400000036,3.364330929999994,-3.082248379999996,2.018336519999991,0.8458200000000033,2.8898479399999957,2.3435644899999986,0.624532330000001,1.894040969999999,1.9052876999999953,5.525942630000003,2.4828531600000048,2.05867044,1.820848380000001,0.39672093000000075,-1.6614849699999983,-1.036542879999999,-2.0547711600000014,-1.1639787399999975,-0.8905174500000008,-0.40178570999999863,13
51,Netherlands,2,2,Argentina,0,0,-1.5865384599999999,-0.8205128200000011,4.387820500000004,2.878205129999998,-0.23076923100000002,-0.22981366000000492,-0.42650102999999717,-1.5548654199999987,-1.250517599999995,-1.4202898500000032,2.449275369999995,-2.1153846200000004,-0.08974358999999765,2.041666669999998,-0.772435900000005,-1.1185897499999982,-0.057692309999993086,-5.083333330000002,-2.4711538500000003,-0.47756409999999505,-0.8012820499999975,-2.705128209999998,1.9711538499999932,-3.378205129999998,-0.6217948700000022,-4.320512820000005,0.6346153799999996,3.506410250000002,0.23717948000000888,3.996794870000002,-0.29487179000000197,-3.394230769999993,-2.128205129999998,-0.5865384599999999,-2.4903846200000004,-0.4583333300000021,-0.13782051999999112,-1.0544871800000024,-0.4038461499999997,-3.378205129999998,0.2788461499999997,-1.51923077,-1.0064102499999983,-0.6826923100000002,-1.4615384599999999,-2.0,5
52,Morocco,1,0,Portugal,1,1,-4.474358979999991,-1.3051282099999995,2.3307691999999918,-2.048717949999997,-0.2205128209999998,1.9464285699999948,-4.648809529999994,-6.160714290000001,-4.601190470000006,-8.92261904,-5.077380959999999,-5.7897435900000005,-2.276923080000003,-2.602564100000002,-4.158974360000002,-5.530769229999997,-3.7076923099999988,-5.223076919999997,-4.905128210000001,-3.2153846199999947,-5.200000000000003,1.3205128200000047,1.8538461500000096,0.9641025600000006,-6.905128210000001,-3.453846150000004,-3.700000000000003,-6.015384619999999,-3.969230769999996,-4.097435900000008,-4.030769230000004,-5.133333329999999,-11.54102564,-6.9794871799999925,-6.364102560000006,-7.333333330000002,-9.510256409999997,-9.051282049999998,-6.605128209999997,-5.464102560000001,0.3564102499999997,-0.02307691999999939,-0.6307692300000003,-0.13333332999999925,-1.3564102499999997,-7.5,20
53,England,1,2,France,-1,0,0.6923076900000069,-0.1923076899999998,-2.961538499999989,-3.230769229999993,0.0,-3.2608695600000033,3.7391304399999967,5.434782609999999,1.7826086999999973,2.6521739199999956,-1.7826086999999973,7.53846154,2.6153846099999996,-6.961538459999993,0.9615384599999999,0.8461538500000003,1.8846153799999996,6.34615385,9.34615385,4.346153840000014,2.3846153799999996,-3.384615380000014,-3.9230769299999935,-1.4230769199999997,0.23076923000000704,2.9230769199999997,3.461538460000014,-5.38461538,4.538461539999986,-5.4230769299999935,6.84615385,5.230769229999993,2.0769230699999994,3.6538461600000005,5.5,1.9230769199999997,0.6153846100000067,4.03846154,4.30769231,1.5,-0.30769229999999936,1.8461538399999995,1.6923076899999998,0.3076923100000002,-0.5,-6.333333330000002,1
54,Netherlands,3,1,USA,2,1,6.018461540000004,1.6661538500000006,1.1861537999999996,-0.5984615400000024,0.12923076899999986,-4.177865609999998,9.250988139999997,6.962450599999997,4.130434780000002,7.322134390000002,5.282608699999997,7.1046153799999985,7.276923080000003,7.920000000000002,6.089230769999986,7.963076919999999,3.432307690000009,6.640000000000001,9.773846149999997,7.010769230000008,6.535384620000002,-2.8984615399999996,-2.433846150000008,-3.001538460000006,6.861538460000006,-0.47384614999999997,10.644615379999998,1.8230769200000054,2.7938461500000074,5.638461539999994,9.878461540000004,6.390769230000004,5.53846154,3.1784615400000007,5.064615379999999,8.54,9.49384615000001,6.3738461499999985,7.786153849999998,5.1384615400000015,-0.32615385000000074,-0.7492307700000005,-0.5230769200000012,0.7723076899999981,0.03846154000000013,7.0,-1
55,Argentina,2,1,Australia,1,1,10.644999999999996,0.046666670000000465,-2.681666699999994,-0.9166666699999979,0.6400000000000001,0.7792207800000028,11.63203463,11.835497829999994,10.699134200000003,7.424242419999999,2.560606059999998,10.340000000000003,9.926666669999996,8.558333330000004,10.861666669999998,13.801666669999996,10.21,13.603333330000005,10.085,11.248333330000001,12.096666669999998,1.8866666699999968,0.03499999999999659,1.9766666700000002,11.963333329999998,4.126666669999992,11.530000000000001,-1.083333330000002,1.0366666700000025,1.801666670000003,11.13333333,7.984999999999999,4.5466666700000005,8.645000000000003,12.555,7.478333330000005,11.911666669999995,7.708333330000002,5.509999999999998,6.756666670000001,-0.4450000000000003,1.0500000000000007,0.68333333,1.3350000000000009,1.1000000000000014,2.333333339999996,-30
56,France,3,1,Poland,2,1,7.96153846,-0.6923076899999998,0.8741258999999957,1.9615384599999999,0.30069930099999986,6.205949660000002,5.363844389999997,8.798626999999996,8.112128139999996,6.58123569,7.194508009999993,5.758741260000001,5.58741259,10.54195803999999,11.6048951,5.37412587,9.206293709999997,6.094405590000001,4.548951049999999,11.58041957999999,9.57692308,6.472027970000013,7.39860139999999,4.06293706000001,10.93706293999999,2.1433566400000004,6.814685319999995,8.38461538,5.230769230000007,8.118881119999998,4.42307692,5.758741260000001,6.751748259999999,6.695804189999997,11.031468529999998,8.479020980000001,8.62587413,6.090909089999997,7.409090910000003,6.56643356,-2.2517482599999994,-2.1013985999999996,-2.0069930099999986,-2.53846154,-0.5559440500000008,8.666666669999998,-24
57,England,3,0,Senegal,3,1,8.201465200000001,-0.12271061999999944,-2.0787545999999963,-0.4835164799999916,0.3699633699999998,-0.0724637600000051,12.205314009999995,15.44685991,10.277777779999994,5.502415460000002,0.37681159000000264,16.948717950000002,12.336996329999998,1.5934066000000016,11.503663000000003,13.967032969999998,11.404761899999997,16.243589749999998,19.33882784,14.153846150000007,12.22344322,2.00732601,1.932234429999994,4.611721610000004,10.05311356,6.932234430000001,9.230769230000007,0.0,6.745421249999993,-2.243589749999998,15.173992669999997,7.807692309999993,7.263736260000002,11.07692308,16.743589749999998,13.06227106,12.565934060000004,6.752747249999999,9.164835170000003,4.194139190000001,-2.9706959700000013,-0.4175824199999987,-0.031135530000000244,-1.9926739900000001,-2.1684981699999994,9.666666669999998,-16
58,Japan,1,1,Croatia,0,0,-3.896666670000002,0.32833332999999953,-4.558333299999987,-3.950000000000003,-0.43500000000000005,0.22727272000000198,-1.5,-3.2727272700000043,-2.4090909100000033,-4.863636370000002,-9.395256919999994,-6.924999999999997,-0.015000000000000568,-8.674999999999997,-8.213333330000005,-6.3066666699999985,-7.1833333300000035,-7.1833333300000035,-6.261666669999997,-6.758333329999999,-5.578333330000007,0.29000000000000625,0.3100000000000023,2.9916666700000007,-5.75,5.3066666699999985,-5.536666669999995,1.8966666700000019,-0.4166666699999979,-11.316666669999996,-0.08166666999999705,-9.475000000000001,-6.895000000000003,-0.9966666699999962,-2.9416666699999965,-5.445,-7.68,-6.8166666699999965,-6.011666669999997,-3.666666669999998,1.1766666700000012,1.5199999999999996,2.34,1.1533333299999988,-0.8749999999999982,-9.0,11
59,Brazil,4,1,Korea Republic,3,1,3.146753860000004,-0.5583757600000006,6.073332399999998,0.4331098899999972,0.06994688399999971,2.206989649999997,0.6993138200000004,1.6950276400000064,4.231675559999999,2.9944219700000048,10.355596360000007,3.7083634500000002,0.09386707999999544,1.3073644900000048,11.047704490000001,2.58629131,5.295585340000002,4.673631369999995,-0.9423952200000016,4.861483329999999,1.1529704799999934,-2.7065337899999946,0.7335535600000043,-4.829001790000007,4.559162999999998,0.5401379400000081,1.0958140000000043,5.7960164899999995,1.833112760000006,10.853455369999992,-0.7612247499999967,7.096652900000002,4.31568506,-3.41215691,5.592900710000002,-2.053116540000005,11.995407709999995,8.53190927,8.20994872,9.096032699999995,-0.49431213000000085,-0.65910929,-0.9234897099999984,-1.36500676,0.9935876199999996,25.90178571,-31
60,Morocco,0,0,Spain,0,0,-10.666666669999998,-2.2666666699999993,-8.400000000000006,-12.933333329999996,0.9333333330000002,12.071428569999995,15.142857140000004,-4.785714290000001,4.357142859999996,-34.21428571,-13.285714290000001,1.1333333299999993,15.799999999999997,-26.333333330000002,-11.466666669999995,15.200000000000003,6.599999999999994,0.20000000000000284,-16.86666667,-14.599999999999994,-8.200000000000003,13.666666669999998,5.200000000000003,17.733333329999994,-14.86666667,7.200000000000003,2.799999999999997,-16.4,-1.2000000000000028,-18.86666667,14.200000000000003,-19.13333333,-39.73333333,7.866666670000001,0.8666666700000007,9.666666669999998,-14.933333329999996,-38.66666667,-36.06666667,-39.73333333,5.93333333,4.4,9.6,0.8666666700000007,10.06666667,-6.401785709999999,21
61,Portugal,6,1,Switzerland,5,1,4.846153849999993,0.42307691999999975,-3.7692307000000085,-5.269230759999999,0.576923077,0.3522727299999957,6.246212119999996,4.147727270000004,5.685606059999998,-1.2007575800000012,-1.4810606000000064,7.6153846099999996,11.1923077,4.0,6.03846154,11.26923077,9.692307689999993,10.26923077,4.23076923,4.230769240000001,7.88461538,4.730769229999993,2.1923076999999864,7.769230769999993,7.1538461600000005,6.5769230700000065,4.07692308,0.8076923100000073,5.730769229999993,-5.076923079999986,7.153846150000007,6.26923077,4.0,12.576923079999993,7.192307690000007,10.11538462,10.6923077,2.23076923,2.26923077,-0.6538461499999997,-5.307692299999999,-4.76923077,-4.8846153900000004,-4.80769231,-4.73076923,5.25,-5
62,Argentina,3,0,Croatia,3,1,3.708333330000002,0.375,-5.0,-3.666666669999998,0.125,0.5064935000000048,4.404761899999997,3.56277055999999,2.7445887399999975,5.106060599999999,1.2424242400000054,0.375,2.791666669999998,0.08333333000000209,1.2083333399999958,1.375,-1.333333330000002,3.5,-1.416666669999998,2.25,0.9583333399999958,1.416666669999998,-0.375,2.208333339999996,4.333333330000002,7.833333339999996,1.833333330000002,4.333333339999996,0.5,0.125,4.291666660000004,4.75,3.291666669999998,2.208333330000002,5.333333330000002,-1.166666669999998,4.791666669999998,2.291666660000004,2.458333330000002,5.25,2.2916666699999997,2.25,3.5833333299999985,3.2083333299999985,3.2916666700000015,9.666666669999998,-10
63,France,2,0,Morocco,2,1,6.128205129999998,0.5743589799999995,3.092307699999992,7.394871789999996,-0.08717948700000022,1.4503105600000055,-1.6211180100000036,3.742236030000001,2.8602484400000066,12.953416140000002,9.11180125,-1.056410249999999,-5.030769229999997,8.602564099999995,4.389743589999995,-1.507692310000003,-0.9846153799999939,-3.969230770000003,-3.9025640999999993,3.4076923099999874,3.276923080000003,0.4871794800000089,2.6076923099999902,-5.079487179999987,8.212820519999994,-2.238461540000003,-1.0307692300000042,11.784615379999998,0.9307692300000099,10.712820519999994,-5.776923080000003,3.7102564099999995,12.348717950000001,-0.443589750000001,2.7102564099999995,2.9487179500000025,7.7410256399999895,10.666666669999998,8.066666669999996,9.61794871,2.4512820499999997,1.9076923099999998,2.4384615400000005,2.594871789999999,3.74102564,19.0,-25
